reused,156336@HOSE2406102293A,1789236118465,ORDER_START_PRE_RESET,false,false
reused,156336@HOSE2406102293A,1789236118465,ORDER_START_POST_RESET,false,false
reused,156336@HOSE2406102293A,1789236118503,BEFORE_HISTORICAL_CLEANUP,false,false
reused,156336@HOSE2406102293A,1789236118503,AFTER_HISTORICAL_CLEANUP,false,false
reused,156336@HOSE2406102293A,1789236119768,A_BEFORE,true,true
reused,156336@HOSE2406102293A,1789236119808,A_AFTER,true,true
reused,156336@HOSE2406102293A,1789236119912,B_BEFORE,true,true
reused,156336@HOSE2406102293A,1789236119943,B_AFTER,true,true
reused,156380@HOSE2406102293A,1789236120293,ORDER_START_PRE_RESET,true,true
reused,156380@HOSE2406102293A,1789236120293,ORDER_START_POST_RESET,true,true
reused,156380@HOSE2406102293A,1789236120326,BEFORE_HISTORICAL_CLEANUP,true,true
reused,156380@HOSE2406102293A,1789236120327,AFTER_HISTORICAL_CLEANUP,true,false
reused,156380@HOSE2406102293A,1789236121578,B_BEFORE,true,true
reused,156380@HOSE2406102293A,1789236121734,A_BEFORE,true,true
reused,156380@HOSE2406102293A,1789236121736,A_AFTER,true,true
reused,156424@HOSE2406102293A,1789236122056,ORDER_START_PRE_RESET,true,true
reused,156424@HOSE2406102293A,1789236122056,ORDER_START_POST_RESET,true,true
reused,156424@HOSE2406102293A,1789236122087,BEFORE_HISTORICAL_CLEANUP,true,true
reused,156424@HOSE2406102293A,1789236122089,AFTER_HISTORICAL_CLEANUP,true,false
reused,156424@HOSE2406102293A,1789236123338,A_BEFORE,true,true
reused,156424@HOSE2406102293A,1789236123370,A_AFTER,true,true
reused,156424@HOSE2406102293A,1789236123467,B_BEFORE,true,true
