reused,135311@HOSE2406102293A,1789198448981,ORDER_START_PRE_RESET,false
reused,135311@HOSE2406102293A,1789198448981,ORDER_START_POST_RESET,false
reused,135311@HOSE2406102293A,1789198449165,A_BEFORE,false
reused,135311@HOSE2406102293A,1789198449167,A_AFTER,true
reused,135311@HOSE2406102293A,1789198449167,B_BEFORE,true
reused,135311@HOSE2406102293A,1789198449167,B_AFTER,false
reused,135349@HOSE2406102293A,1789198449460,ORDER_START_PRE_RESET,false
reused,135349@HOSE2406102293A,1789198449460,ORDER_START_POST_RESET,false
reused,135349@HOSE2406102293A,1789198449633,B_BEFORE,false
reused,135349@HOSE2406102293A,1789198449635,A_BEFORE,false
reused,135349@HOSE2406102293A,1789198449636,A_AFTER,true
reused,135386@HOSE2406102293A,1789198449890,ORDER_START_PRE_RESET,true
reused,135386@HOSE2406102293A,1789198449890,ORDER_START_POST_RESET,true
reused,135386@HOSE2406102293A,1789198450070,A_BEFORE,true
reused,135386@HOSE2406102293A,1789198450071,A_AFTER,true
reused,135386@HOSE2406102293A,1789198450072,B_BEFORE,true
reused,135386@HOSE2406102293A,1789198450075,B_AFTER,false
reused,135423@HOSE2406102293A,1789198450335,ORDER_START_PRE_RESET,false
reused,135423@HOSE2406102293A,1789198450335,ORDER_START_POST_RESET,false
reused,135423@HOSE2406102293A,1789198450520,B_BEFORE,false
reused,135461@HOSE2406102293A,1789198450784,ORDER_START_PRE_RESET,false
reused,135461@HOSE2406102293A,1789198450784,ORDER_START_POST_RESET,false
reused,135461@HOSE2406102293A,1789198450997,B_BEFORE,false
reused,135461@HOSE2406102293A,1789198450999,A_BEFORE,false
reused,135461@HOSE2406102293A,1789198451000,A_AFTER,true
